Name,JavaScript Percentage,Test Framework,License
bigbluebutton/bigbluebutton,39.97%,no framework test,GNU Lesser General Public License v3.0
google/closure-compiler,50.57%,no framework test,Apache License 2.0
googlecreativelab/anypixel,66.60%,no framework test,Apache License 2.0
linuxmint/cinnamon,42.16%,no framework test,GNU General Public License v2.0
grpc/grpc-web,56.19%,no framework test,Apache License 2.0
cockpit-project/cockpit,35.21%,no framework test,GNU Lesser General Public License v2.1
4ian/gdevelop,57.99%,no framework test,Other
projectdiscovery/nuclei-templates,100.00%,no framework test,MIT License
jesse-ai/jesse,87.86%,no framework test,MIT License
mobsf/mobile-security-framework-mobsf,37.80%,no framework test,GNU General Public License v3.0
phaserjs/phaser,99.52%,no framework test,MIT License
bitcoinjs/bitcoinjs-lib,51.21%,mocha,MIT License
thedevs-network/kutt,45.64%,no framework test,MIT License
browserslist/browserslist,100.00%,no framework test,MIT License
foundry376/mailspring,41.81%,no framework test,GNU General Public License v3.0
sveltejs/svelte,72.27%,no framework test,MIT License
hotwired/turbo,99.96%,no framework test,MIT License
xifangczy/cat-catch,80.91%,no framework test,GNU General Public License v3.0
vvo/gifify,100.00%,no framework test,ISC License
square/crossfilter,92.64%,no framework test,Other
tumobi/nideshop,100.00%,no framework test,MIT License
ecomfe/fontmin,92.96%,mocha,MIT License
auchenberg/volkswagen,100.00%,no framework test,MIT License
shutterstock/rickshaw,88.66%,jest,MIT License
jashkenas/backbone,56.34%,no framework test,MIT License
lebab/lebab,100.00%,mocha,MIT License
alexlenail/nn-svg,58.47%,no framework test,MIT License
dcloudio/mui,66.42%,no framework test,MIT License
dylang/npm-check,100.00%,no framework test,MIT License
krasimir/react-in-patterns,95.26%,no framework test,MIT License
kristories/awesome-guidelines,100.00%,no framework test,Creative Commons Zero v1.0 Universal
kangax/html-minifier,94.89%,no framework test,MIT License
mapbox/pixelmatch,100.00%,no framework test,ISC License
lindell/jsbarcode,58.32%,mocha,MIT License
js-cookie/js-cookie,95.15%,no framework test,MIT License
gruntjs/grunt,100.00%,no framework test,Other
jakesgordon/javascript-state-machine,99.56%,ava,MIT License
aemkei/jsfuck,72.55%,no framework test,Do What The F*ck You Want To Public License
dylang/shortid,96.55%,mocha,Other
wechat-miniprogram/miniprogram-demo,95.39%,jest,MIT License
jedwatson/classnames,81.92%,no framework test,MIT License
xaboy/form-create,79.65%,no framework test,MIT License
handlebars-lang/handlebars.js,94.65%,mocha,MIT License
designmodo/flat-ui,46.50%,no framework test,MIT License
nextapps-de/flexsearch,100.00%,no framework test,Apache License 2.0
hubotio/hubot,98.84%,no framework test,MIT License
prosemirror/prosemirror,100.00%,no framework test,MIT License
nodegit/nodegit,62.94%,mocha,MIT License
nikolaeu/numi,100.00%,no framework test,MIT License
alexcasalboni/aws-lambda-power-tuning,91.67%,mocha,Apache License 2.0
fengyuanchen/compressorjs,99.82%,mocha,MIT License
qrohlf/trianglify,100.00%,jest,GNU General Public License v3.0
jakearchibald/svgomg,65.65%,no framework test,MIT License
whitestormjs/whs.js,99.98%,jest,MIT License
vitalets/x-editable,95.48%,no framework test,MIT License
zenoamaro/react-quill,64.52%,mocha,MIT License
sallar/github-contributions-chart,79.35%,no framework test,MIT License
c3js/c3,49.68%,no framework test,MIT License
thinkjs/thinkjs,100.00%,ava,MIT License
xiangyuecn/areacity-jsspider-statsgov,69.09%,no framework test,MIT License
naptha/tesseract.js,95.05%,mocha,Apache License 2.0
hiloteam/hilo,98.30%,mocha,MIT License
stevenjoezhang/live2d-widget,84.19%,no framework test,GNU General Public License v3.0
kenwheeler/slick,77.20%,no framework test,MIT License
addyosmani/critical,67.73%,jest,Apache License 2.0
zuiidea/antd-admin,96.11%,no framework test,MIT License
expressjs/morgan,100.00%,mocha,MIT License
chancejs/chancejs,100.00%,ava,MIT License
antvis/f2,91.55%,jest,MIT License
instantpage/instant.page,74.53%,no framework test,MIT License
anvaka/city-roads,49.72%,no framework test,MIT License
browsh-org/browsh,46.15%,no framework test,GNU Lesser General Public License v2.1
apoorvsaxena/lozad.js,100.00%,mocha,MIT License
caolan/async,95.90%,mocha,MIT License
npm/node-semver,100.00%,no framework test,ISC License
adam-p/markdown-here,71.80%,no framework test,MIT License
statsd/statsd,96.76%,no framework test,MIT License
markdown-it/markdown-it,97.11%,mocha,MIT License
bretfisher/udemy-docker-mastery,48.75%,no framework test,MIT License
relaxedjs/relaxed,71.60%,mocha,ISC License
egonschiele/grokking_algorithms,11.75%,no framework test,Other
lockfale/osint-framework,61.44%,no framework test,MIT License
gskinner/regexr,76.88%,no framework test,GNU General Public License v3.0
plopjs/plop,94.94%,no framework test,MIT License
louischatriot/nedb,99.54%,mocha,MIT License
diygod/dplayer,77.31%,no framework test,MIT License
mholt/papaparse,90.47%,mocha,MIT License
melonjs/melonjs,63.01%,no framework test,MIT License
jquery-validation/jquery-validation,95.31%,no framework test,MIT License
svgdotjs/svg.js,98.56%,jasmine,Other
toji/gl-matrix,95.92%,mocha,MIT License
impress/impress.js,88.50%,no framework test,MIT License
foliojs/pdfkit,99.97%,jest,MIT License
insin/nwb,98.36%,no framework test,Other
bvaughn/react-virtualized,97.30%,jest,MIT License
dagrejs/dagre,95.57%,mocha,MIT License
sahat/hackathon-starter,67.66%,mocha,MIT License
philc/vimium,88.50%,no framework test,MIT License
prettier/eslint-config-prettier,98.93%,jest,MIT License
gpujs/gpu.js,98.47%,no framework test,MIT License
terkelg/prompts,95.68%,no framework test,MIT License
mwilliamson/mammoth.js,99.52%,mocha,"BSD 2-Clause ""Simplified"" License"
dvajs/dva,100.00%,no framework test,MIT License
netflix/falcor,99.94%,jest,Apache License 2.0
kpdecker/jsdiff,63.89%,mocha,"BSD 3-Clause ""New"" or ""Revised"" License"
artilleryio/artillery,92.75%,no framework test,Mozilla Public License 2.0
ctrlplusb/easy-peasy,71.63%,jest,MIT License
bytedance/xgplayer,93.43%,jest,MIT License
leonardomso/33-js-concepts,100.00%,no framework test,MIT License
expressjs/multer,100.00%,mocha,MIT License
juliangarnier/anime,83.54%,mocha,MIT License
koajs/koa,100.00%,no framework test,MIT License
localtunnel/localtunnel,100.00%,mocha,MIT License
jquery/jquery-ui,88.06%,no framework test,Other
mattboldt/typed.js,80.32%,no framework test,MIT License
adrai/flowchart.js,91.76%,no framework test,MIT License
jvalen/pixel-art-react,64.39%,jest,MIT License
jhuckaby/cronicle,96.81%,no framework test,Other
browsersync/browser-sync,75.98%,no framework test,Apache License 2.0
text-mask/text-mask,91.61%,mocha,The Unlicense
piskelapp/piskel,83.04%,no framework test,Apache License 2.0
log4js-node/log4js-node,98.30%,no framework test,Other
sindresorhus/execa,79.25%,ava,MIT License
a597873885/webfunny_monitor,99.66%,no framework test,Apache License 2.0
atlassian/react-beautiful-dnd,99.99%,jest,Other
dimsemenov/photoswipe,93.24%,no framework test,MIT License
tailwindlabs/heroicons,100.00%,no framework test,MIT License
webpack-contrib/webpack-bundle-analyzer,96.89%,jest,MIT License
stylus/stylus,53.82%,mocha,MIT License
netflix/pollyjs,98.64%,jest,Apache License 2.0
hackmdio/codimd,75.41%,mocha,GNU Affero General Public License v3.0
sindresorhus/ora,96.40%,ava,MIT License
elasticsearch-dump/elasticsearch-dump,99.81%,mocha,Apache License 2.0
imagemin/imagemin,100.00%,ava,MIT License
motdotla/dotenv,99.13%,no framework test,"BSD 2-Clause ""Simplified"" License"
hackjutsu/lepton,80.41%,no framework test,MIT License
yagop/node-telegram-bot-api,100.00%,mocha,MIT License
bpmn-io/bpmn-js,98.91%,mocha,Other
mikemcl/bignumber.js,98.91%,no framework test,MIT License
mikemcl/big.js,98.63%,no framework test,MIT License
googlechrome/web-vitals,55.10%,no framework test,Apache License 2.0
chinese-poetry/chinese-poetry,77.09%,no framework test,MIT License
facebook/jscodeshift,96.86%,jest,MIT License
sql-js/sql.js,88.84%,no framework test,Other
google-map-react/google-map-react,97.64%,no framework test,MIT License
chalk/chalk,72.94%,ava,MIT License
jasmine/jasmine,98.04%,jasmine,MIT License
ryanhanwu/how-to-ask-questions-the-smart-way,100.00%,no framework test,MIT License
http-party/http-server,98.47%,no framework test,MIT License
sockjs/sockjs-client,90.65%,mocha,MIT License
redux-offline/redux-offline,100.00%,jest,MIT License
fengyuanchen/viewerjs,93.73%,mocha,MIT License
svg-edit/svgedit,96.58%,cypress,MIT License
ai/size-limit,98.27%,no framework test,MIT License
ganeshrvel/openmtp,84.63%,no framework test,MIT License
webtorrent/webtorrent-desktop,94.26%,no framework test,MIT License
rockstarlang/rockstar,89.64%,no framework test,GNU Affero General Public License v3.0
expressjs/session,99.81%,mocha,MIT License
vercel/ncc,98.44%,jest,MIT License
expressjs/express,99.89%,mocha,MIT License
eastworld/wechat-app-mall,100.00%,no framework test,Apache License 2.0
gka/chroma.js,94.11%,no framework test,Other
hql287/manta,93.80%,jest,GNU Lesser General Public License v3.0
betasu/just-react,68.24%,no framework test,MIT License
docmirror/dev-sidecar,79.27%,no framework test,Mozilla Public License 2.0
typicode/json-server,94.72%,no framework test,Other
amark/gun,87.38%,mocha,Other
bpampuch/pdfmake,99.75%,mocha,Other
mozilla/readability,100.00%,mocha,Other
illuspas/node-media-server,99.80%,no framework test,Apache License 2.0
airbnb/javascript,100.00%,no framework test,MIT License
sortablejs/sortable,95.46%,no framework test,MIT License
typicode/lowdb,99.12%,no framework test,MIT License
testing-library/react-testing-library,90.23%,no framework test,MIT License
avwo/whistle,94.22%,no framework test,MIT License
davidsonfellipe/awesome-wpo,58.01%,no framework test,MIT License
chavyleung/scripts,83.36%,no framework test,GNU General Public License v3.0
jgraph/drawio-desktop,96.03%,no framework test,Apache License 2.0
you-dont-need/you-dont-need-lodash-underscore,100.00%,mocha,MIT License
qishibo/anotherredisdesktopmanager,93.14%,no framework test,MIT License
final-form/react-final-form,78.16%,jest,MIT License
haraka/haraka,97.66%,mocha,MIT License
liriliri/eruda,83.49%,no framework test,MIT License
didi/cube-ui,90.79%,mocha,Apache License 2.0
chaijs/chai,99.97%,mocha,MIT License
terser/terser,99.91%,mocha,Other
filipeps/traduzir-paginas-web,81.57%,no framework test,Mozilla Public License 2.0
stremio/stremio-web,54.62%,jest,GNU General Public License v2.0
typescript-cheatsheets/react,93.85%,no framework test,MIT License
winstonjs/winston,99.20%,jest,MIT License
websockets/ws,100.00%,mocha,MIT License
sudheerj/reactjs-interview-questions,71.61%,no framework test,MIT License
downshift-js/downshift,97.59%,cypress,MIT License
protobufjs/protobuf.js,99.78%,no framework test,Other
styled-components/polished,92.75%,jest,MIT License
socketcluster/socketcluster,93.54%,no framework test,MIT License
krausest/js-framework-benchmark,80.10%,no framework test,Apache License 2.0
remy/nodemon,84.93%,mocha,MIT License
sinonjs/sinon,99.43%,mocha,Other
reactjs/react-rails,77.78%,no framework test,Apache License 2.0
verlok/vanilla-lazyload,83.64%,jest,MIT License
openspug/spug,59.48%,no framework test,GNU Affero General Public License v3.0
zxlie/fehelper,68.59%,no framework test,MIT License
fortawesome/font-awesome,86.20%,no framework test,Other
gulpjs/gulp,100.00%,mocha,MIT License
ramda/ramda,99.82%,mocha,MIT License
feathericons/feather,96.40%,jest,MIT License
immerjs/immer,51.61%,no framework test,MIT License
less/less.js,62.92%,no framework test,Apache License 2.0
shopify/draggable,73.83%,jest,MIT License
react-dropzone/react-dropzone,95.20%,jest,MIT License
moleculerjs/moleculer,99.43%,jest,MIT License
arkenfox/user.js,72.62%,no framework test,MIT License
stdlib-js/stdlib,60.89%,no framework test,Apache License 2.0
frappe/gantt,74.63%,no framework test,MIT License
balderdashy/sails,99.99%,mocha,MIT License
nightwatchjs/nightwatch,95.89%,no framework test,MIT License
nozbe/watermelondb,70.06%,jest,MIT License
listen1/listen1_chrome_extension,41.64%,no framework test,MIT License
denysdovhan/wtfjs,97.06%,no framework test,Do What The F*ck You Want To Public License
bootstrap-vue/bootstrap-vue,97.84%,jest,MIT License
nock/nock,96.00%,jest,MIT License
tabler/tabler-icons,57.03%,no framework test,MIT License
akiran/react-slick,94.83%,jest,MIT License
alexfoxy/lax.js,100.00%,no framework test,MIT License
stuk/jszip,97.35%,no framework test,Other
sindresorhus/query-string,94.71%,ava,MIT License
mde/ejs,100.00%,mocha,Apache License 2.0
mscdex/ssh2,91.93%,no framework test,MIT License
olifolkerd/tabulator,79.12%,jest,MIT License
sqlpad/sqlpad,60.21%,no framework test,MIT License
johnfactotum/foliate,87.94%,no framework test,GNU General Public License v3.0
pcottle/learngitbranching,94.55%,no framework test,MIT License
ruanyf/es6tutorial,59.38%,no framework test,Other
shentao/vue-multiselect,77.33%,no framework test,MIT License
robinherbots/inputmask,98.21%,no framework test,MIT License
gregberge/loadable-components,70.77%,jest,MIT License
langren1353/gm_script,80.34%,no framework test,MIT License
ar-js-org/ar.js,97.12%,no framework test,MIT License
pouchdb/pouchdb,98.77%,mocha,Apache License 2.0
nodemailer/nodemailer,99.99%,no framework test,Other
krisk/fuse,96.39%,no framework test,Apache License 2.0
javve/list.js,97.57%,jest,MIT License
automerge/automerge,58.97%,no framework test,MIT License
novnc/novnc,92.63%,mocha,Other
doublespeakgames/adarkroom,92.35%,no framework test,Mozilla Public License 2.0
faisalman/ua-parser-js,99.08%,mocha,GNU Affero General Public License v3.0
jaywcjlove/awesome-mac,94.24%,no framework test,Creative Commons Zero v1.0 Universal
rollup/rollup,86.15%,mocha,Other
postcss/autoprefixer,62.98%,no framework test,MIT License
thomaspark/bootswatch,57.90%,no framework test,MIT License
wenzhixin/bootstrap-table,29.58%,cypress,MIT License
segmentio/evergreen,87.98%,jest,MIT License
firebase/functions-samples,64.71%,no framework test,Apache License 2.0
microsoft/windows-universal-samples,72.55%,no framework test,MIT License
node-schedule/node-schedule,100.00%,no framework test,MIT License
microsoft/botframework-sdk,87.85%,no framework test,MIT License
sindresorhus/np,100.00%,ava,MIT License
thomaspark/flexboxfroggy,67.79%,no framework test,MIT License
jquense/react-big-calendar,80.39%,jest,MIT License
release-it/release-it,98.90%,no framework test,MIT License
discord/discord-api-docs,77.69%,no framework test,Creative Commons Attribution Share Alike 4.0 International
davidanson/markdownlint,95.24%,ava,MIT License
porsager/postgres,100.00%,no framework test,The Unlicense
hakimel/reveal.js,59.92%,no framework test,MIT License
ajaxorg/ace,98.96%,no framework test,Other
riot/riot,97.16%,mocha,Other
webrtc/samples,66.56%,jest,"BSD 3-Clause ""New"" or ""Revised"" License"
marko-js/marko,64.67%,mocha,MIT License
electron/electron-quick-start,75.86%,no framework test,Creative Commons Zero v1.0 Universal
vincit/objection.js,95.47%,mocha,MIT License
isomorphic-git/isomorphic-git,99.63%,jest,MIT License
expressjs/cors,100.00%,mocha,MIT License
travist/jsencrypt,75.00%,mocha,Other
expressjs/body-parser,100.00%,mocha,MIT License
chrisleekr/binance-trading-bot,97.18%,jest,MIT License
modernizr/modernizr,98.70%,mocha,MIT License
jorgebucaran/hyperapp,100.00%,no framework test,MIT License
zhaoolee/chromeappheroes,87.92%,no framework test,GNU General Public License v3.0
wekan/wekan,56.91%,no framework test,MIT License
remoteintech/remote-jobs,68.01%,mocha,Creative Commons Zero v1.0 Universal
youzan/vant-weapp,41.25%,jest,MIT License
jsdoc/jsdoc,99.40%,jasmine,Apache License 2.0
moment/luxon,100.00%,jest,MIT License
cytoscape/cytoscape.js,96.91%,mocha,MIT License
primer/octicons,66.98%,no framework test,MIT License
welldone-software/why-did-you-render,97.64%,jest,MIT License
kenshin/simpread,90.79%,no framework test,GNU General Public License v3.0
ppoffice/hexo-theme-icarus,68.89%,no framework test,MIT License
imba/imba,49.48%,no framework test,MIT License
remarkjs/remark,100.00%,no framework test,MIT License
clientio/joint,86.03%,no framework test,Mozilla Public License 2.0
yjs/yjs,97.20%,no framework test,Other
horsicq/detect-it-easy,50.88%,no framework test,MIT License
tailwindlabs/tailwindcss-typography,100.00%,jest,MIT License
nwjs/nw.js,42.48%,no framework test,MIT License
standard/standard,81.89%,no framework test,MIT License
microsoft/monaco-editor,56.84%,mocha,MIT License
webtorrent/webtorrent,99.79%,no framework test,MIT License
pure-css/pure,48.85%,no framework test,Other
tj/commander.js,95.48%,jest,MIT License
necolas/react-native-web,83.02%,jest,MIT License
infernojs/inferno,99.89%,jest,MIT License
mithriljs/mithril.js,99.16%,no framework test,MIT License
shelljs/shelljs,100.00%,ava,"BSD 3-Clause ""New"" or ""Revised"" License"
josdejong/mathjs,97.92%,mocha,Apache License 2.0
pqina/filepond,95.86%,jest,MIT License
mdx-js/mdx,100.00%,no framework test,MIT License
apexcharts/apexcharts.js,98.40%,jest,Other
jantimon/html-webpack-plugin,99.93%,jest,MIT License
amai-gmbh/ai-expert-roadmap,63.53%,no framework test,MIT License
prismjs/prism,95.89%,mocha,MIT License
jprichardson/node-fs-extra,100.00%,mocha,MIT License
leeoniya/uplot,72.92%,no framework test,MIT License
developit/microbundle,100.00%,jest,MIT License
be5invis/sarasa-gothic,100.00%,no framework test,Other
jspreadsheet/ce,95.05%,mocha,MIT License
bfirsh/jsnes,99.78%,mocha,Apache License 2.0
givanz/vvvebjs,100.00%,no framework test,Apache License 2.0
minbrowser/min,91.86%,no framework test,Apache License 2.0
miragejs/miragejs,95.67%,jest,MIT License
brasilapi/brasilapi,97.29%,no framework test,MIT License
css-doodle/css-doodle,99.92%,no framework test,MIT License
zotero/zotero,62.88%,mocha,Other
brookhong/surfingkeys,76.08%,jest,MIT License
mrxujiang/h5-dooring,52.78%,no framework test,GNU General Public License v3.0
grocy/grocy,34.48%,no framework test,MIT License
electerm/electerm,97.54%,no framework test,MIT License
hovancik/stretchly,76.00%,no framework test,"BSD 2-Clause ""Simplified"" License"
validatorjs/validator.js,100.00%,mocha,MIT License
vega/vega,74.33%,no framework test,"BSD 3-Clause ""New"" or ""Revised"" License"
shipshapecode/shepherd,48.80%,no framework test,Other
single-spa/single-spa,99.06%,jest,Other
shipshapecode/tether,91.65%,jest,MIT License
mozilla/nunjucks,93.51%,mocha,"BSD 2-Clause ""Simplified"" License"
jonobr1/two.js,97.61%,no framework test,MIT License
sandstorm-io/sandstorm,44.79%,no framework test,Other
dherault/serverless-offline,96.62%,mocha,MIT License
xiangyuecn/recorder,76.59%,no framework test,MIT License
floccusaddon/floccus,42.65%,mocha,Mozilla Public License 2.0
iamkun/dayjs,100.00%,jest,MIT License
mayswind/ariang,70.89%,no framework test,MIT License
remarkjs/react-markdown,100.00%,no framework test,MIT License
alyssaxuu/screenity,77.04%,no framework test,GNU General Public License v3.0
mongo-express/mongo-express,71.22%,mocha,MIT License
h5bp/html5-boilerplate,84.09%,mocha,MIT License
ai/nanoid,96.37%,no framework test,MIT License
copy/v86,36.16%,no framework test,"BSD 2-Clause ""Simplified"" License"
brianc/node-postgres,78.98%,no framework test,MIT License
star7th/showdoc,39.09%,no framework test,Other
cure53/dompurify,51.58%,no framework test,Other
graphite-project/graphite-web,52.64%,no framework test,Apache License 2.0
tensorflow/tfjs-examples,47.92%,jasmine,Apache License 2.0
mikemcl/decimal.js,99.76%,no framework test,MIT License
openstyles/stylus,82.62%,no framework test,GNU General Public License v3.0
gildas-lormeau/singlefile,75.82%,no framework test,GNU Affero General Public License v3.0
sverweij/dependency-cruiser,95.54%,mocha,MIT License
timvisee/send,88.75%,mocha,Mozilla Public License 2.0
sampotts/plyr,83.73%,no framework test,MIT License
googlechrome/workbox,67.01%,mocha,MIT License
yargs/yargs,71.05%,mocha,MIT License
jquery/jquery,94.05%,no framework test,MIT License
automattic/mongoose,94.37%,mocha,MIT License
gchq/cyberchef,97.21%,no framework test,Apache License 2.0
serverless/examples,31.33%,no framework test,Other
josdejong/jsoneditor,87.71%,mocha,Apache License 2.0
openlayers/openlayers,99.06%,mocha,"BSD 2-Clause ""Simplified"" License"
documentationjs/documentation,95.88%,jest,Other
googlechrome/lighthouse-ci,91.53%,jest,Apache License 2.0
share/sharedb,99.98%,mocha,Other
plankanban/planka,94.93%,no framework test,Other
xanderfrangos/twinkle-tray,65.30%,no framework test,MIT License
unitech/pm2,81.29%,mocha,Other
alvarotrigo/fullpage.js,94.02%,no framework test,GNU General Public License v3.0
videojs/video.js,96.63%,no framework test,Other
highlightjs/highlight.js,63.79%,mocha,"BSD 3-Clause ""New"" or ""Revised"" License"
processing/p5.js,68.43%,mocha,GNU Lesser General Public License v2.1
knex/knex,95.24%,mocha,MIT License
thealgorithms/javascript,99.97%,no framework test,GNU General Public License v3.0
wix/detox,63.12%,no framework test,MIT License
cerebroapp/cerebro,82.45%,jest,MIT License
i18next/react-i18next,67.69%,no framework test,MIT License
1j01/jspaint,95.56%,cypress,MIT License
ly525/luban-h5,73.20%,no framework test,GNU General Public License v3.0
axios/axios,87.14%,mocha,MIT License
typicode/husky,92.07%,no framework test,MIT License
framework7io/framework7,44.81%,no framework test,MIT License
vulcanjs/vulcan,98.53%,no framework test,MIT License
googlechrome/chrome-extensions-samples,81.70%,no framework test,Apache License 2.0
pinojs/pino,92.04%,jest,MIT License
cesiumgs/cesium,89.12%,no framework test,Apache License 2.0
ljharb/qs,100.00%,no framework test,"BSD 3-Clause ""New"" or ""Revised"" License"
facebook/metro,99.81%,jest,MIT License
webgoat/webgoat,49.73%,no framework test,Other
azgaar/fantasy-map-generator,74.65%,no framework test,Other
pedroslopez/whatsapp-web.js,99.52%,mocha,Apache License 2.0
azl397985856/leetcode,83.76%,no framework test,Other
nolimits4web/swiper,94.70%,no framework test,MIT License
swagger-api/swagger-ui,95.41%,jest,Apache License 2.0
appium/appium,76.18%,mocha,Apache License 2.0
sweetalert2/sweetalert2,84.42%,cypress,MIT License
codesandbox/codesandbox-client,89.86%,no framework test,Other
swagger-api/swagger-editor,94.74%,jest,Apache License 2.0
davidjbradshaw/iframe-resizer,68.58%,jest,Other
academicpages/academicpages.github.io,23.77%,no framework test,MIT License
stalniy/casl,51.20%,no framework test,MIT License
leaflet/leaflet,86.85%,mocha,"BSD 2-Clause ""Simplified"" License"
markedjs/marked,35.60%,no framework test,Other
anuraghazra/github-readme-stats,99.87%,jest,MIT License
handsontable/handsontable,92.55%,no framework test,Other
katex/katex,85.83%,jest,MIT License
hapijs/hapi,99.13%,no framework test,Other
mjmlio/mjml,100.00%,mocha,MIT License
node-formidable/formidable,98.29%,jest,MIT License
openpgpjs/openpgpjs,97.70%,mocha,GNU Lesser General Public License v3.0
arkime/arkime,29.26%,jest,Apache License 2.0
dash-industry-forum/dash.js,99.42%,mocha,Other
dequelabs/axe-core,89.15%,mocha,Mozilla Public License 2.0
up-for-grabs/up-for-grabs.net,49.39%,jest,Other
meteor/meteor,91.09%,no framework test,Other
tryghost/ghost,64.54%,no framework test,MIT License
googlechrome/lighthouse,93.90%,mocha,Apache License 2.0
mochajs/mocha,87.28%,no framework test,MIT License
haizlin/fe-interview,57.07%,no framework test,MIT License
plotly/plotly.js,99.68%,jasmine,MIT License
emotion-js/emotion,68.14%,no framework test,MIT License
aframevr/aframe,98.42%,mocha,MIT License
spencermountain/compromise,99.73%,no framework test,MIT License
fredriknoren/ungit,86.48%,mocha,MIT License
nasa/openmct,62.44%,no framework test,Other
habitrpg/habitica,52.40%,mocha,Other
aws/aws-sdk-js,80.64%,mocha,Apache License 2.0
playcanvas/engine,99.95%,mocha,MIT License
vercel/styled-jsx,99.97%,ava,MIT License
fyrd/caniuse,100.00%,no framework test,Creative Commons Attribution 4.0 International
npm/cli,99.70%,no framework test,Other
listen1/listen1_desktop,67.87%,no framework test,MIT License
qeeqbox/social-analyzer,100.00%,no framework test,GNU Affero General Public License v3.0
seanprashad/leetcode-patterns,79.20%,no framework test,GNU General Public License v3.0
pipedreamhq/pipedream,95.82%,jest,Other
manga-download/hakuneko,84.79%,jest,The Unlicense
pmndrs/drei,59.20%,no framework test,MIT License
trekhleb/javascript-algorithms,99.99%,jest,MIT License
vuejs/vue-cli,75.05%,jest,MIT License
gorhill/ublock,88.70%,no framework test,GNU General Public License v3.0
zloirock/core-js,98.45%,no framework test,MIT License
semantic-release/semantic-release,100.00%,ava,MIT License
naturalnode/natural,66.89%,jasmine,MIT License
brave/brave-browser,100.00%,no framework test,Mozilla Public License 2.0
webpack/webpack-dev-server,100.00%,jest,MIT License
i18next/i18next,78.23%,no framework test,MIT License
countly/countly-server,82.39%,mocha,Other
openwrt/luci,58.82%,no framework test,Apache License 2.0
bigskysoftware/htmx,91.98%,mocha,Other
hypfer/valetudo,68.32%,no framework test,Apache License 2.0
module-federation/module-federation-examples,63.82%,jest,MIT License
facebook/create-react-app,98.35%,jest,MIT License
vercel/next.js,61.04%,jest,MIT License
serverless/serverless,98.54%,mocha,MIT License
mozilla/pdf.js,70.79%,jasmine,Apache License 2.0
emberjs/ember.js,59.34%,mocha,MIT License
poteto/hiring-without-whiteboards,100.00%,no framework test,MIT License
lovell/sharp,76.86%,no framework test,Apache License 2.0
eslint/eslint,99.43%,mocha,MIT License
fastify/fastify,91.27%,no framework test,Other
svg/svgo,97.84%,jest,MIT License
jsdom/jsdom,70.46%,mocha,MIT License
ampproject/amphtml,79.93%,mocha,Apache License 2.0
be5invis/iosevka,99.46%,no framework test,SIL Open Font License 1.1
node-red/node-red,99.75%,mocha,Apache License 2.0
devexpress/testcafe,73.77%,no framework test,MIT License
11ty/eleventy,97.72%,ava,MIT License
stylelint/stylelint,99.03%,jest,MIT License
chakra-core/chakracore,52.77%,no framework test,MIT License
wordpress/gutenberg,59.61%,jest,Other
violentmonkey/violentmonkey,68.18%,jest,MIT License
blackmatrix7/ios_rule_script,97.53%,no framework test,GNU General Public License v2.0
is-a-dev/register,100.00%,ava,GNU General Public License v3.0
facebook/react,67.23%,jest,MIT License
parcel-bundler/parcel,80.02%,mocha,MIT License
dcloudio/uni-app,82.71%,jest,Apache License 2.0
preactjs/preact,95.99%,no framework test,MIT License
parse-community/parse-server,97.75%,jasmine,Apache License 2.0
quasarframework/quasar,88.44%,no framework test,MIT License
docsifyjs/docsify,86.46%,jest,MIT License
microsoft/web-dev-for-beginners,55.07%,no framework test,MIT License
badges/shields,99.85%,mocha,Creative Commons Zero v1.0 Universal
lutzroeder/netron,95.78%,no framework test,MIT License
nodebb/nodebb,87.39%,no framework test,GNU General Public License v3.0
grommet/grommet,71.94%,jest,Apache License 2.0
vuelidate/vuelidate,64.94%,jest,MIT License
freetubeapp/freetube,45.96%,no framework test,GNU Affero General Public License v3.0
fluid-dev/hexo-theme-fluid,41.32%,no framework test,GNU General Public License v3.0
prismarinejs/mineflayer,100.00%,mocha,MIT License
nodejs/undici,96.42%,jest,MIT License
orkestral/venom,0.00%,no framework test,Other
xiu2/userscript,100.00%,no framework test,GNU General Public License v3.0
twbs/bootstrap,25.76%,jasmine,MIT License
simple-icons/simple-icons,99.09%,mocha,Creative Commons Zero v1.0 Universal
popcorn-official/popcorn-desktop,0.05%,no framework test,MIT License
webpack/webpack,97.80%,jest,MIT License
gatsbyjs/gatsby,58.89%,jest,MIT License
upgundecha/howtheysre,100.00%,no framework test,Creative Commons Zero v1.0 Universal
prettier/prettier,82.93%,jest,MIT License
mrdoob/three.js,62.92%,no framework test,MIT License
chartjs/chart.js,88.98%,jasmine,MIT License
rawgraphs/rawgraphs-app,76.17%,no framework test,Apache License 2.0
react-grid-layout/react-grid-layout,97.49%,jest,MIT License
react-grid-layout/react-draggable,95.17%,no framework test,MIT License
sveltejs/kit,99.79%,no framework test,MIT License
ipfs/ipfs-desktop,96.54%,no framework test,MIT License
mickael-kerjean/filestash,40.07%,no framework test,GNU Affero General Public License v3.0
lanyulei/ferry,95.37%,no framework test,MIT License
thoughtbot/administrate,71.37%,no framework test,MIT License
mailcow/mailcow-dockerized,33.84%,no framework test,GNU General Public License v3.0
jsdelivr/jsdelivr,100.00%,no framework test,MIT License
webhooksite/webhook.site,95.94%,no framework test,Other
choices-js/choices,68.30%,no framework test,MIT License
google/zx,63.26%,no framework test,Apache License 2.0
evidence-dev/evidence,51.21%,no framework test,MIT License
vernesong/openclash,23.41%,no framework test,MIT License
tooljet/tooljet,66.77%,no framework test,GNU Affero General Public License v3.0
overleaf/overleaf,64.21%,no framework test,GNU Affero General Public License v3.0
ckeditor/ckeditor5,31.56%,no framework test,GNU General Public License v2.0
louislam/uptime-kuma,54.31%,no framework test,MIT License
import-js/eslint-plugin-import,99.12%,mocha,MIT License
vitejs/awesome-vite,100.00%,no framework test,MIT License
nobyda/script,98.14%,no framework test,GNU General Public License v3.0
antonioru/beautiful-react-hooks,51.38%,mocha,MIT License
advplyr/audiobookshelf,67.15%,mocha,GNU General Public License v3.0
unblockneteasemusic/server,98.14%,jest,GNU Lesser General Public License v3.0
parallax/jspdf,96.38%,jasmine,MIT License
graphql/graphql-spec,82.98%,no framework test,Other
vickscarlet/liferestart,99.79%,no framework test,MIT License
rabbitmq/rabbitmq-server,55.89%,no framework test,Other
wanglin2/mind-map,71.91%,no framework test,MIT License
metalsmith/metalsmith,93.26%,mocha,MIT License
gz-yami/mall4cloud,35.37%,no framework test,GNU Affero General Public License v3.0
debug-js/debug,100.00%,mocha,MIT License
tangly1024/notionnext,96.19%,jest,MIT License
neetcode-gh/leetcode,16.19%,no framework test,MIT License
dustinbrett/daedalos,88.79%,jest,MIT License
nginxproxymanager/nginx-proxy-manager,72.20%,no framework test,MIT License
node-config/node-config,97.87%,no framework test,Other
maboloshi/github-chinese,99.80%,no framework test,GNU General Public License v3.0
shaka-project/shaka-player,97.23%,no framework test,Apache License 2.0
alasql/alasql,94.41%,mocha,MIT License
jsx-eslint/eslint-plugin-react,100.00%,mocha,MIT License
layui/layui,83.91%,no framework test,MIT License
itorr/nbnhhsh,48.14%,no framework test,Apache License 2.0
victornpb/undiscord,81.81%,no framework test,Other
wiselibs/better-sqlite3,68.18%,mocha,MIT License
codemirror/codemirror5,77.76%,no framework test,MIT License
codemirror/dev,100.00%,no framework test,Other
sub-store-org/sub-store,99.95%,no framework test,GNU Affero General Public License v3.0
googlechromelabs/quicklink,92.32%,no framework test,Apache License 2.0
sublimetext/spacegray,89.56%,no framework test,MIT License
aisingapore/tagui,31.93%,no framework test,Apache License 2.0
hapijs/joi,97.42%,no framework test,Other
dream-num/luckysheet,90.86%,no framework test,MIT License
usebruno/bruno,86.00%,jest,MIT License
ladjs/superagent,88.41%,mocha,MIT License
appbaseio/dejavu,99.35%,jest,MIT License
ladjs/supertest,100.00%,mocha,MIT License
basecamp/trix,82.81%,no framework test,MIT License
leaningtech/webvm,43.90%,no framework test,Apache License 2.0
midudev/preguntas-entrevista-react,77.72%,no framework test,MIT License
naibowang/easyspider,47.71%,no framework test,GNU Affero General Public License v3.0
wangrongding/wechat-bot,96.79%,no framework test,MIT License
bootboxjs/bootbox,99.16%,mocha,Other
pt-plugins/pt-plugin-plus,37.88%,no framework test,MIT License
avajs/ava,90.65%,no framework test,MIT License
decaporg/decap-cms,67.48%,jest,MIT License
ohmjs/ohm,64.43%,no framework test,MIT License
501351981/vue-office,82.89%,no framework test,MIT License
postcatlab/postcat,75.77%,no framework test,Apache License 2.0
azukaar/cosmos-server,66.75%,no framework test,Other
socialsisteryi/bilibili-api-collect,77.02%,no framework test,Other
di-sukharev/opencommit,98.06%,jest,MIT License
automatisch/automatisch,99.69%,no framework test,Other
yokoffing/betterfox,93.83%,no framework test,MIT License
schlagmichdoch/pairdrop,70.30%,no framework test,GNU General Public License v3.0
josstorer/chatgptbox,89.14%,no framework test,MIT License
xcanwin/keepchatgpt,77.05%,no framework test,GNU General Public License v2.0
songquanpeng/one-api,61.70%,no framework test,MIT License
offciercia/defi-developer-road-map,100.00%,no framework test,Other
idurar/idurar-erp-crm,94.00%,no framework test,GNU Affero General Public License v3.0
jaywcjlove/hotkeys-js,93.12%,jest,MIT License
klaudiosinani/taskbook,100.00%,no framework test,MIT License
mintplex-labs/anything-llm,97.96%,jest,MIT License
wenda-llm/wenda,85.34%,no framework test,GNU Affero General Public License v3.0
orbitdb/orbitdb,97.74%,mocha,MIT License
pinokiocomputer/pinokio,90.61%,no framework test,MIT License
whiskeysockets/baileys,77.54%,jest,MIT License
tjy-gitnub/win12,42.24%,no framework test,Other
easydiffusion/easydiffusion,73.80%,no framework test,Other
HumanSignal/label-studio,31.43%,no framework test,Apache License 2.0
pot-app/pot-desktop,86.71%,no framework test,GNU General Public License v3.0
fishjar/kiss-translator,98.48%,no framework test,GNU General Public License v3.0
SillyTavern/SillyTavern,84.37%,no framework test,GNU Affero General Public License v3.0
MHSanaei/3x-ui,16.47%,no framework test,GNU General Public License v3.0
meshery/meshery,58.11%,no framework test,Apache License 2.0
nodejs/node,62.18%,no framework test,Other
LiteLoaderQQNT/LiteLoaderQQNT,83.76%,no framework test,MIT License
fluent-ffmpeg/node-fluent-ffmpeg,96.42%,mocha,MIT License
olton/Metro-UI-CSS,51.22%,no framework test,MIT License
bowser-js/bowser,100.00%,ava,Other
CodeGenieApp/serverless-express,99.76%,jest,Apache License 2.0
lint-staged/lint-staged,99.36%,no framework test,MIT License
clappr/clappr,79.30%,no framework test,"BSD 3-Clause ""New"" or ""Revised"" License"
jerryc127/hexo-theme-butterfly,40.26%,no framework test,Apache License 2.0
viarotel-org/escrcpy,47.83%,no framework test,Apache License 2.0
codecombat/codecombat,85.44%,jasmine,MIT License
MagicMirrorOrg/MagicMirror,89.22%,jest,MIT License
beautifier/js-beautify,42.74%,mocha,MIT License
nuejs/nue,86.28%,no framework test,MIT License
koodo-reader/koodo-reader,75.47%,no framework test,GNU Affero General Public License v3.0
OpenSignLabs/OpenSign,96.69%,no framework test,Other
Chalarangelo/30-seconds-of-code,65.39%,no framework test,Creative Commons Attribution 4.0 International
fanmingming/live,92.06%,no framework test,GNU General Public License v3.0
gethomepage/homepage,98.10%,no framework test,GNU General Public License v3.0
facebook/stylex,97.98%,jest,MIT License
end-4/dots-hyprland,4.22%,no framework test,GNU General Public License v3.0
reorproject/reor,58.57%,jest,GNU Affero General Public License v3.0
marcelscruz/public-apis,100.00%,no framework test,MIT License
cmliu/edgetunnel,100.00%,no framework test,GNU General Public License v2.0
cmliu/WorkerVless2sub,100.00%,no framework test,Apache License 2.0
danielmiessler/fabric,55.64%,no framework test,MIT License
learntocloud/learn-to-cloud,35.39%,no framework test,MIT License
bia-pain-bache/BPB-Worker-Panel,70.00%,no framework test,GNU General Public License v3.0
TheOdinProject/curriculum,100.00%,no framework test,Other
klaudiosinani/signale,72.88%,no framework test,MIT License
tape-testing/tape,99.83%,no framework test,MIT License
HeyPuter/puter,94.38%,mocha,GNU Affero General Public License v3.0
cmliu/CF-Workers-SUB,100.00%,no framework test,Apache License 2.0
Dooy/chatgpt-web-midjourney-proxy,36.18%,no framework test,MIT License
cryptpad/cryptpad,80.01%,no framework test,GNU Affero General Public License v3.0
drawdb-io/drawdb,98.86%,no framework test,GNU Affero General Public License v3.0
spicetify/cli,70.64%,no framework test,GNU Lesser General Public License v2.1
mouredev/hello-javascript,98.66%,jest,Apache License 2.0
poloclub/transformer-explainer,95.04%,no framework test,MIT License
TiddlyWiki/TiddlyWiki5,96.70%,no framework test,Other
InternLM/MindSearch,74.62%,no framework test,Apache License 2.0
DavidHDev/react-bits,54.13%,no framework test,Other
SnapDrop/snapdrop,64.22%,no framework test,GNU General Public License v3.0
ai-shifu/ChatALL,59.82%,no framework test,Apache License 2.0
huggingface/transformers.js,96.27%,jest,Apache License 2.0
xszyou/Fay,41.09%,no framework test,GNU General Public License v3.0
ShareDropio/sharedrop,62.15%,no framework test,MIT License
bluewave-labs/checkmate,82.28%,no framework test,GNU Affero General Public License v3.0
open-webui/open-webui,31.87%,cypress,Other
olton/metroui,51.22%,no framework test,MIT License
hmjz100/LinkSwift,100.00%,no framework test,GNU Affero General Public License v3.0
rust-lang/rust-by-example,89.38%,no framework test,Apache License 2.0
ConardLi/easy-dataset,99.51%,no framework test,Other
f/awesome-chatgpt-prompts,55.50%,no framework test,Creative Commons Zero v1.0 Universal
StrayMeteor3337/WechatRealFriends,69.40%,no framework test,MIT License
eyaltoledano/claude-task-master,63.96%,jest,Other
saadeghi/daisyui,32.56%,no framework test,MIT License
QuantumNous/new-api,55.21%,no framework test,Other
LibreSpark/LibreTV,76.83%,no framework test,Apache License 2.0
upstash/context7,63.66%,no framework test,MIT License
joemccann/dillinger,38.79%,no framework test,MIT License
mozilla-firefox/firefox,28.35%,no framework test,Other
zumerlab/snapdom,100.00%,no framework test,MIT License
jamez-bondos/awesome-gpt4o-images,100.00%,no framework test,Other
bmadcode/BMAD-METHOD,97.85%,jest,Other
ChatGPTBox-dev/chatGPTBox,89.14%,no framework test,MIT License
electron/minimal-repro,75.86%,no framework test,Creative Commons Zero v1.0 Universal
github/awesome-copilot,99.37%,no framework test,MIT License
xixu-me/Xget,99.37%,no framework test,GNU General Public License v3.0
forwardemail/superagent,88.41%,mocha,MIT License
forwardemail/supertest,100.00%,mocha,MIT License
ruvnet/claude-flow,42.77%,jest,MIT License
davila7/claude-code-templates,48.42%,no framework test,MIT License
mathjax/MathJax,93.89%,no framework test,Apache License 2.0
bmad-code-org/BMAD-METHOD,97.85%,jest,Other
grab/cursor-talk-to-figma-mcp,88.69%,no framework test,MIT License
GoogleChrome/samples,48.75%,no framework test,Apache License 2.0
JimmyLv/awesome-nano-banana,100.00%,no framework test,Other
trueadm/ripple,87.72%,no framework test,MIT License
